<metadata xml:lang="pl"><Esri><CreaDate>20170124</CreaDate><CreaTime>13144300</CreaTime><ArcGISFormat>1.0</ArcGISFormat><SyncOnce>TRUE</SyncOnce><ModDate>20170207</ModDate><ModTime>11060300</ModTime><scaleRange><minScale>150000000</minScale><maxScale>5000</maxScale></scaleRange><ArcGISProfile>ItemDescription</ArcGISProfile></Esri><tool name="IGT" displayname="Interpolate Glacier Termini" toolboxalias="GTTC" xmlns=""><arcToolboxHelpPath>c:\program files (x86)\arcgis\desktop10.4\Help\gp</arcToolboxHelpPath><parameters><param name="gtg" displayname="Glacier termini workspace (file geodatabase or catalog)" type="Required" direction="Input" datatype="Workspace" expression="gtg"><dialogReference>&lt;DIV STYLE="text-align:Left;"&gt;&lt;P STYLE="text-align:Justify;margin:0 0 11 0;"&gt;&lt;SPAN&gt;&lt;SPAN /&gt;&lt;/SPAN&gt;&lt;/P&gt;&lt;P STYLE="text-align:Justify;margin:0 0 11 0;"&gt;&lt;SPAN&gt;&lt;SPAN&gt;The path to catalog with SHP data or geodatabase with data&lt;/SPAN&gt;&lt;/SPAN&gt;&lt;SPAN&gt;&lt;SPAN&gt;. Output files will be saved in this catalog or geodatabase.&lt;/SPAN&gt;&lt;/SPAN&gt;&lt;/P&gt;&lt;DIV&gt;&lt;P&gt;&lt;SPAN /&gt;&lt;/P&gt;&lt;/DIV&gt;&lt;/DIV&gt;</dialogReference></param><param name="ltg" displayname="Layer of  termini" type="Required" direction="Input" datatype="Feature Layer" expression="ltg"><dialogReference>&lt;DIV STYLE="text-align:Left;"&gt;&lt;DIV&gt;&lt;P /&gt;&lt;P STYLE="text-align:Justify;font-size:16ptmargin:0 0 11 0;"&gt;&lt;SPAN&gt;&lt;SPAN&gt;Line layer with  termini  in projected coordinate system. The following fields have to exist in the attribute table of this layer: Id (integer field with number of line); GLACIER (text field with the name of glacier); DATE_YY (integer field with year); DATE_MM (integer field with month); DATE_ DD (integer field with day); DIR &lt;/SPAN&gt;&lt;/SPAN&gt;&lt;SPAN&gt;&lt;SPAN&gt;(text field with &lt;/SPAN&gt;&lt;/SPAN&gt;&lt;SPAN STYLE="font-style:italic;"&gt;&lt;SPAN&gt;L&lt;/SPAN&gt;&lt;/SPAN&gt;&lt;SPAN&gt;&lt;SPAN&gt; or &lt;/SPAN&gt;&lt;/SPAN&gt;&lt;SPAN STYLE="font-style:italic;"&gt;&lt;SPAN&gt;R&lt;/SPAN&gt;&lt;/SPAN&gt;&lt;SPAN&gt;&lt;SPAN&gt;  letter &lt;/SPAN&gt;&lt;/SPAN&gt;&lt;SPAN&gt;&lt;SPAN&gt;–&lt;/SPAN&gt;&lt;/SPAN&gt;&lt;SPAN&gt;&lt;SPAN&gt; &lt;/SPAN&gt;&lt;/SPAN&gt;&lt;SPAN STYLE="font-style:italic;"&gt;&lt;SPAN&gt;L&lt;/SPAN&gt;&lt;/SPAN&gt;&lt;SPAN&gt;&lt;SPAN&gt; means that the glacier is on the left side of line and &lt;/SPAN&gt;&lt;/SPAN&gt;&lt;SPAN STYLE="font-style:italic;"&gt;&lt;SPAN&gt;R&lt;/SPAN&gt;&lt;/SPAN&gt;&lt;SPAN&gt;&lt;SPAN&gt; on the right side or letters &lt;/SPAN&gt;&lt;/SPAN&gt;&lt;SPAN STYLE="font-style:italic;"&gt;&lt;SPAN&gt;N, S, E&lt;/SPAN&gt;&lt;/SPAN&gt;&lt;SPAN&gt;&lt;SPAN&gt; or &lt;/SPAN&gt;&lt;/SPAN&gt;&lt;SPAN STYLE="font-style:italic;"&gt;&lt;SPAN&gt;W&lt;/SPAN&gt;&lt;/SPAN&gt;&lt;SPAN&gt;&lt;SPAN&gt; which indicates the position of glacier  according to line).&lt;/SPAN&gt;&lt;/SPAN&gt;&lt;/P&gt;&lt;P&gt;&lt;SPAN /&gt;&lt;/P&gt;&lt;/DIV&gt;&lt;/DIV&gt;</dialogReference></param><param name="pdd" displayname="Points lag" type="Required" direction="Input" datatype="Long" expression="pdd"><dialogReference>&lt;DIV STYLE="text-align:Left;"&gt;&lt;P STYLE="text-align:Justify;margin:0 0 11 0;"&gt;&lt;SPAN /&gt;&lt;/P&gt;&lt;P STYLE="text-align:Justify;margin:0 0 11 0;"&gt;&lt;SPAN&gt;The distance between points which will be created along the line in meters.&lt;/SPAN&gt;&lt;/P&gt;&lt;DIV&gt;&lt;P&gt;&lt;SPAN /&gt;&lt;/P&gt;&lt;P /&gt;&lt;/DIV&gt;&lt;/DIV&gt;</dialogReference></param><param name="mm" displayname="First part of results name" type="Required" direction="Output" datatype="String" expression="mm"><dialogReference>&lt;DIV STYLE="text-align:Left;"&gt;&lt;DIV&gt;&lt;P /&gt;&lt;P STYLE="text-align:Justify;margin:0 0 11 0;"&gt;&lt;SPAN&gt;Prefix for  output layer (e.g. test&lt;/SPAN&gt;&lt;SPAN&gt;2&lt;/SPAN&gt;&lt;SPAN&gt;)&lt;/SPAN&gt;&lt;SPAN&gt;&lt;SPAN&gt;.&lt;/SPAN&gt;&lt;/SPAN&gt;&lt;/P&gt;&lt;P&gt;&lt;SPAN /&gt;&lt;/P&gt;&lt;/DIV&gt;&lt;/DIV&gt;</dialogReference></param></parameters></tool><dataIdInfo><idCitation><resTitle>Interpolate Glacier Termini</resTitle></idCitation></dataIdInfo><distInfo><distributor><distorFormat><formatName>ArcToolbox Tool</formatName></distorFormat></distributor></distInfo><mdHrLv><ScopeCd value="005"></ScopeCd></mdHrLv></metadata>
