<metadata xml:lang="pl"><Esri><CreaDate>20170124</CreaDate><CreaTime>13144300</CreaTime><ArcGISFormat>1.0</ArcGISFormat><SyncOnce>TRUE</SyncOnce><ModDate>20170207</ModDate><ModTime>11231100</ModTime><scaleRange><minScale>150000000</minScale><maxScale>5000</maxScale></scaleRange><ArcGISProfile>ItemDescription</ArcGISProfile></Esri><tool name="SGT" displayname="Statistics of Glacier Termini Changes" toolboxalias="GTTC" xmlns=""><arcToolboxHelpPath>c:\program files (x86)\arcgis\desktop10.4\Help\gp</arcToolboxHelpPath><parameters><param name="gtg" displayname="Glacier termini workspace (file geodatabase or catalog)" type="Required" direction="Input" datatype="Workspace" expression="gtg"><dialogReference>&lt;DIV STYLE="text-align:Left;"&gt;&lt;DIV&gt;&lt;DIV&gt;&lt;P /&gt;&lt;P STYLE="text-align:Justify;"&gt;&lt;SPAN&gt;&lt;SPAN&gt;The path to catalog or geodatabase with points layers created by &lt;/SPAN&gt;&lt;/SPAN&gt;&lt;SPAN STYLE="font-weight:bold;"&gt;&lt;SPAN&gt;Glacier Termini Change Tracking &lt;/SPAN&gt;&lt;/SPAN&gt;&lt;SPAN&gt;&lt;SPAN&gt;tool&lt;/SPAN&gt;&lt;/SPAN&gt;&lt;SPAN&gt;. Output &lt;/SPAN&gt;&lt;SPAN&gt;table&lt;/SPAN&gt;&lt;SPAN&gt; will be saved in this catalog or geodatabase.&lt;/SPAN&gt;&lt;/P&gt;&lt;P STYLE="text-align:Justify;margin:0 0 11 0;"&gt;&lt;SPAN /&gt;&lt;/P&gt;&lt;P&gt;&lt;SPAN /&gt;&lt;/P&gt;&lt;/DIV&gt;&lt;/DIV&gt;&lt;/DIV&gt;</dialogReference></param><param name="mm" displayname="Wildcard of input point layers (any_prefix*)" type="Required" direction="Input" datatype="String" expression="mm"><dialogReference>&lt;DIV STYLE="text-align:Left;"&gt;&lt;DIV&gt;&lt;DIV&gt;&lt;P /&gt;&lt;P&gt;&lt;SPAN&gt;&lt;SPAN&gt;Wildcard of points layers created by &lt;/SPAN&gt;&lt;/SPAN&gt;&lt;SPAN STYLE="font-weight:bold;"&gt;&lt;SPAN&gt;Glacier Termini Change Tracking &lt;/SPAN&gt;&lt;/SPAN&gt;&lt;SPAN&gt;&lt;SPAN&gt;tool (e.g. test1_points*).&lt;/SPAN&gt;&lt;/SPAN&gt;&lt;/P&gt;&lt;P&gt;&lt;SPAN /&gt;&lt;/P&gt;&lt;/DIV&gt;&lt;/DIV&gt;&lt;/DIV&gt;</dialogReference></param><param name="mmt" displayname="Name of output table (without extension)" type="Required" direction="Output" datatype="String" expression="mmt"><dialogReference>&lt;DIV STYLE="text-align:Left;"&gt;&lt;DIV&gt;&lt;DIV&gt;&lt;P /&gt;&lt;P STYLE="margin:0 0 11 0;"&gt;&lt;SPAN STYLE="font-size:10pt"&gt;Output table which contains for each time period of observations statistics for retreat month rate. Input name without extension. Outside geodatabase &lt;/SPAN&gt;&lt;SPAN STYLE="font-style:italic;font-size:10pt"&gt;dbf&lt;/SPAN&gt;&lt;SPAN STYLE="font-size:10pt"&gt;table will be created.&lt;/SPAN&gt;&lt;/P&gt;&lt;P&gt;&lt;SPAN /&gt;&lt;/P&gt;&lt;P STYLE="margin:0 0 11 0;"&gt;&lt;SPAN /&gt;&lt;/P&gt;&lt;P&gt;&lt;SPAN /&gt;&lt;/P&gt;&lt;/DIV&gt;&lt;/DIV&gt;&lt;/DIV&gt;</dialogReference></param></parameters></tool><dataIdInfo><idCitation><resTitle>Statistics of Glacier Termini Changes</resTitle></idCitation></dataIdInfo><distInfo><distributor><distorFormat><formatName>ArcToolbox Tool</formatName></distorFormat></distributor></distInfo><mdHrLv><ScopeCd value="005"/></mdHrLv></metadata>
